S1;MyListImpl();getSize();add(4);getSize();removeAt(0);getSize();removeItem(4);getSize();reset();getSize();;;;;;Exception;NoSuchElementException
S2;MyListImpl();getSize();add(4);getSize();removeAt(0);getSize();reset();getSize();removeItem(4);getSize();;;;;;Exception;NoSuchElementException
S3;MyListImpl();getSize();add(4);getSize();reset();getSize();removeAt(0);getSize();removeItem(4);getSize();;;;;;Exception;ArrayIndexOutOfBoundsException
S4;MyListImpl();getSize();add(4);getSize();reset();getSize();removeItem(4);getSize();removeAt(0);getSize();;;;;;Exception;NoSuchElementException
S5;MyListImpl();getSize();add(4);getSize();removeItem(4);getSize();reset();getSize();removeAt(0);getSize();;;;;;Exception;ArrayIndexOutOfBoundsException
S6;MyListImpl();getSize();add(4);getSize();removeItem(4);getSize();removeAt(0);getSize();reset();getSize();;;;;;Exception;ArrayIndexOutOfBoundsException
S7;MyListImpl();getSize();reset();getSize();add(4);getSize();removeAt(0);getSize();removeItem(4);getSize();;;;;;Exception;ArrayIndexOutOfBoundsException
S8;MyListImpl();getSize();reset();getSize();add(4);getSize();removeItem(4);getSize();removeAt(0);getSize();;;;;;Exception;NoSuchElementException
S9;MyListImpl();getSize();reset();getSize();removeItem(4);getSize();add(4);getSize();removeAt(0);getSize();;;;;;Exception;NoSuchElementException
S10;MyListImpl();getSize();reset();getSize();removeItem(4);getSize();removeAt(0);getSize();add(4);getSize();;;;;;Exception;NoSuchElementException
S11;MyListImpl();getSize();reset();getSize();removeAt(0);getSize();add(4);getSize();removeItem(4);getSize();;;;;;Exception;ArrayIndexOutOfBoundsException
S12;MyListImpl();getSize();reset();getSize();removeAt(0);getSize();removeItem(4);getSize();add(4);getSize();;;;;;Exception;ArrayIndexOutOfBoundsException
S13;MyListImpl();getSize();removeItem(4);getSize();reset();getSize();add(4);getSize();removeAt(0);getSize();;;;;;Exception;NoSuchElementException
S14;MyListImpl();getSize();removeItem(4);getSize();reset();getSize();removeAt(0);getSize();add(4);getSize();;;;;;Exception;NoSuchElementException
S15;MyListImpl();getSize();removeItem(4);getSize();removeAt(0);getSize();reset();getSize();add(4);getSize();;;;;;Exception;NoSuchElementException
S16;MyListImpl();getSize();removeItem(4);getSize();removeAt(0);getSize();add(4);getSize();reset();getSize();;;;;;Exception;NoSuchElementException
S17;MyListImpl();getSize();removeItem(4);getSize();add(4);getSize();reset();getSize();removeAt(0);getSize();;;;;;Exception;NoSuchElementException
S18;MyListImpl();getSize();removeItem(4);getSize();add(4);getSize();removeAt(0);getSize();reset();getSize();;;;;;Exception;NoSuchElementException
S19;MyListImpl();getSize();removeAt(0);getSize();removeItem(4);getSize();reset();getSize();add(4);getSize();;;;;;Exception;ArrayIndexOutOfBoundsException
S20;MyListImpl();getSize();removeAt(0);getSize();removeItem(4);getSize();add(4);getSize();reset();getSize();;;;;;Exception;ArrayIndexOutOfBoundsException
S21;MyListImpl();getSize();removeAt(0);getSize();add(4);getSize();removeItem(4);getSize();reset();getSize();;;;;;Exception;ArrayIndexOutOfBoundsException
S22;MyListImpl();getSize();removeAt(0);getSize();add(4);getSize();reset();getSize();removeItem(4);getSize();;;;;;Exception;ArrayIndexOutOfBoundsException
S23;MyListImpl();getSize();removeAt(0);getSize();reset();getSize();add(4);getSize();removeItem(4);getSize();;;;;;Exception;ArrayIndexOutOfBoundsException
S24;MyListImpl();getSize();removeAt(0);getSize();reset();getSize();removeItem(4);getSize();add(4);getSize();;;;;;Exception;ArrayIndexOutOfBoundsException
S25;MyListImpl();getStart();add(4);getStart();setAt(6,0);getStart();getAt(0);getStart();removeAt(0);getStart();removeItem(4);getStart();reset();getStart();;Exception;NoSuchElementException
S26;MyListImpl();getStart();add(4);getStart();removeAt(0);getStart();reset();getStart();removeItem(4);getStart();;;;;;Exception;NoSuchElementException
S27;MyListImpl();getStart();add(4);getStart();reset();getStart();removeItem(4);getStart();removeAt(0);getStart();;;;;;Exception;ArrayIndexOutOfBoundsException
S28;MyListImpl();getStart();add(4);getStart();reset();getStart();removeAt(0);getStart();removeItem(4);getStart();;;;;;Exception;ArrayIndexOutOfBoundsException
S29;MyListImpl();getStart();add(4);getStart();removeItem(4);getStart();removeAt(0);getStart();reset();getStart();;;;;;Exception;ArrayIndexOutOfBoundsException
S30;MyListImpl();getStart();add(4);getStart();removeItem(4);getStart();reset();getStart();removeAt(0);getStart();;;;;;Exception;ArrayIndexOutOfBoundsException
S31;MyListImpl();getStart();removeAt(0);getStart();add(4);getStart();removeItem(4);getStart();reset();getStart();;;;;;Exception;ArrayIndexOutOfBoundsException
S32;MyListImpl();getStart();removeAt(0);getStart();add(4);getStart();reset();getStart();removeItem(4);getStart();;;;;;Exception;ArrayIndexOutOfBoundsException
S33;MyListImpl();getStart();removeAt(0);getStart();reset();getStart();removeItem(4);getStart();add(4);getStart();;;;;;Exception;ArrayIndexOutOfBoundsException
S34;MyListImpl();getStart();removeAt(0);getStart();reset();getStart();add(4);getStart();removeItem(4);getStart();;;;;;Exception;ArrayIndexOutOfBoundsException
S35;MyListImpl();getStart();removeAt(0);getStart();removeItem(4);getStart();add(4);getStart();reset();getStart();;;;;;Exception;ArrayIndexOutOfBoundsException
S36;MyListImpl();getStart();removeAt(0);getStart();removeItem(4);getStart();reset();getStart();add(4);getStart();;;;;;Exception;ArrayIndexOutOfBoundsException
S37;MyListImpl();getStart();removeItem(4);getStart();add(4);getStart();removeAt(0);getStart();reset();getStart();;;;;;Exception;NoSuchElementException
S38;MyListImpl();getStart();removeItem(4);getStart();add(4);getStart();reset();getStart();removeAt(0);getStart();;;;;;Exception;NoSuchElementException
S39;MyListImpl();getStart();removeItem(4);getStart();reset();getStart();removeAt(0);getStart();add(4);getStart();;;;;;Exception;NoSuchElementException
S40;MyListImpl();getStart();removeItem(4);getStart();reset();getStart();add(4);getStart();removeAt(0);getStart();;;;;;Exception;NoSuchElementException
S41;MyListImpl();getStart();removeItem(4);getStart();removeAt(0);getStart();add(4);getStart();reset();getStart();;;;;;Exception;NoSuchElementException
S42;MyListImpl();getStart();removeItem(4);getStart();removeAt(0);getStart();reset();getStart();add(4);getStart();;;;;;Exception;NoSuchElementException
S43;MyListImpl();getStart();reset();getStart();add(4);getStart();removeAt(0);getStart();removeItem(4);getStart();;;;;;Exception;ArrayIndexOutOfBoundsException
S44;MyListImpl();getStart();reset();getStart();add(4);getStart();removeItem(4);getStart();removeAt(0);getStart();;;;;;Exception;NoSuchElementException
S45;MyListImpl();getStart();reset();getStart();removeItem(4);getStart();removeAt(0);getStart();add(4);getStart();;;;;;Exception;NoSuchElementException
S46;MyListImpl();getStart();reset();getStart();removeItem(4);getStart();add(4);getStart();removeAt(0);getStart();;;;;;Exception;NoSuchElementException
S47;MyListImpl();getStart();reset();getStart();removeAt(0);getStart();add(4);getStart();removeItem(4);getStart();;;;;;Exception;ArrayIndexOutOfBoundsException
S48;MyListImpl();getStart();reset();getStart();removeAt(0);getStart();removeItem(4);getStart();add(4);getStart();;;;;;Exception;ArrayIndexOutOfBoundsException
